br;Recursos;Beneficiarios;Media;Desvio;Minimo;perc_1;Mediana;perc_99;Maximo;Municipios;pop_2022;auxilio
Brasil;13868409094;20303520;683.0544208097906;166.60368877750324;25;325.0;650.0;1264.0;4514;5291;203062512;9.998654995462678
